,Odds Ratios,Lower CI,Upper CI,P Value
Rural (compared to: Urban teaching),0.825674698020276,0.605638935045811,1.1256520469565037,0.22573417558718578
Urban nonteaching (compared to: Urban teaching),1.0030271873333725,0.8705563210058543,1.1556558883720178,0.9666387939574781
Midwest (compared to: South),0.9424997319295993,0.8029688734942036,1.1062766864446572,0.46880016510183564
Northeast (compared to: South),0.8248880479615528,0.6915145963363646,0.9839854361350937,0.03240509126306728
West (compared to: South),0.9756937690333924,0.8284829410235965,1.1490620793644961,0.7680879335379058
LAPAROSCOPIC,0.8218473378478282,0.7174044618053729,0.9414954641177055,0.004664758550522578
