,Odds Ratios,Lower CI,Upper CI,P Value
Rural (compared to: Urban teaching),0.7681760453658995,0.5044282564768843,1.1698282740848676,0.21906773917993028
Urban nonteaching (compared to: Urban teaching),1.0983789065337524,0.9164083202202762,1.3164832702831544,0.3099258549267391
Midwest (compared to: South),0.8696754909047391,0.7000676183607104,1.080374866147139,0.2071188492903876
Northeast (compared to: South),0.8978250270838452,0.7149089686933694,1.1275418473646903,0.3537990512645226
West (compared to: South),1.0543095432847123,0.8537025007804887,1.302056175359658,0.6233424608343843
LAPAROSCOPIC,0.5248971122620572,0.42988173062720797,0.6409134392826152,2.5120472174075844e-10
