,Odds Ratios,Lower CI,Upper CI,P Value
Rural (compared to: Urban teaching),1.47672727485509,0.737192941277863,2.958144770785293,0.2714311365248421
Urban nonteaching (compared to: Urban teaching),1.4443668163738146,0.9932432163950959,2.100387363141048,0.054294776599569855
Midwest (compared to: South),1.0130671622973686,0.657163705005889,1.5617190473354672,0.9531180975103157
Northeast (compared to: South),1.0831495016233124,0.6880830695425115,1.7050453568736523,0.7300690972802474
West (compared to: South),0.6199534105714918,0.3675623881694775,1.0456516870328152,0.07303803145127315
LAPAROSCOPIC,0.5698297705921261,0.37281049523535065,0.8709678820820005,0.0093722503206144
